{"cameraMode":{"drawMode":0,"name":"Shaded","section":"Shading Mode"},"sceneLighting":false,"audioPlay":false,"sceneViewState":{"m_AlwaysRefresh":false,"showFog":true,"showSkybox":false,"showFlares":true,"showImageEffects":true,"showParticleSystems":true,"showVisualEffectGraphs":true,"m_FxEnabled":true},"in2DMode":false,"pivot":{"x":-5.284869194030762,"y":25.76034164428711,"z":0.17517423629760743},"rotation":{"x":-0.02415110357105732,"y":0.11022303253412247,"z":-0.002751735970377922,"w":-0.9936950206756592},"size":0.037690501660108569,"orthographic":false}