{"cameraMode":{"drawMode":0,"name":"Shaded","section":"Shading Mode"},"sceneLighting":true,"audioPlay":false,"sceneViewState":{"m_AlwaysRefresh":false,"showFog":true,"showSkybox":true,"showFlares":true,"showImageEffects":true,"showParticleSystems":true,"showVisualEffectGraphs":true,"m_FxEnabled":true},"in2DMode":false,"pivot":{"x":-0.28749969601631167,"y":15.065916061401368,"z":-30.38262939453125},"rotation":{"x":-0.28051772713661196,"y":0.07821227610111237,"z":-0.02294066920876503,"w":-0.9563801288604736},"size":0.12897996604442597,"orthographic":false}