{"cameraMode":{"drawMode":0,"name":"Shaded","section":"Shading Mode"},"sceneLighting":true,"audioPlay":false,"sceneViewState":{"m_AlwaysRefresh":false,"showFog":true,"showSkybox":true,"showFlares":true,"showImageEffects":true,"showParticleSystems":true,"showVisualEffectGraphs":true,"m_FxEnabled":true},"in2DMode":false,"pivot":{"x":0.26281219720840456,"y":3.6226818561553957,"z":2.63124942779541},"rotation":{"x":-0.11691775918006897,"y":-0.8813875913619995,"z":0.29186224937438967,"w":-0.3527945876121521},"size":0.10359124839305878,"orthographic":false}