{"cameraMode":{"drawMode":0,"name":"Shaded","section":"Shading Mode"},"sceneLighting":true,"audioPlay":false,"sceneViewState":{"m_AlwaysRefresh":false,"showFog":true,"showSkybox":true,"showFlares":true,"showImageEffects":true,"showParticleSystems":true,"showVisualEffectGraphs":true,"m_FxEnabled":true},"in2DMode":false,"pivot":{"x":3.4450314044952394,"y":1.532575249671936,"z":7.784419536590576},"rotation":{"x":-0.049370743334293368,"y":-0.27269038558006289,"z":0.013900385238230229,"w":-0.9608360528945923},"size":0.3511289954185486,"orthographic":false}