{"cameraMode":{"drawMode":0,"name":"Shaded","section":"Shading Mode"},"sceneLighting":true,"audioPlay":false,"sceneViewState":{"m_AlwaysRefresh":false,"showFog":true,"showSkybox":true,"showFlares":true,"showImageEffects":true,"showParticleSystems":true,"showVisualEffectGraphs":true,"m_FxEnabled":true},"in2DMode":false,"pivot":{"x":4.492079734802246,"y":1.1432873010635377,"z":2.8938095569610597},"rotation":{"x":-0.32043150067329409,"y":0.14642176032066346,"z":-0.050202496349811557,"w":-0.9345546364784241},"size":6.394689083099365,"orthographic":false}